PRAGMA foreign_keys=OFF;
BEGIN TRANSACTION;
CREATE TABLE "django_migrations" ("id" integer NOT NULL PRIMARY KEY AUTOINCREMENT, "app" varchar(255) NOT NULL, "name" varchar(255) NOT NULL, "applied" datetime NOT NULL);
INSERT INTO "django_migrations" VALUES(1,'contenttypes','0001_initial','2016-11-29 15:40:44.104741');
INSERT INTO "django_migrations" VALUES(2,'auth','0001_initial','2016-11-29 15:40:44.122953');
INSERT INTO "django_migrations" VALUES(3,'admin','0001_initial','2016-11-29 15:40:44.140015');
INSERT INTO "django_migrations" VALUES(4,'admin','0002_logentry_remove_auto_add','2016-11-29 15:40:44.156412');
INSERT INTO "django_migrations" VALUES(5,'contenttypes','0002_remove_content_type_name','2016-11-29 15:40:44.192996');
INSERT INTO "django_migrations" VALUES(6,'auth','0002_alter_permission_name_max_length','2016-11-29 15:40:44.209682');
INSERT INTO "django_migrations" VALUES(7,'auth','0003_alter_user_email_max_length','2016-11-29 15:40:44.223533');
INSERT INTO "django_migrations" VALUES(8,'auth','0004_alter_user_username_opts','2016-11-29 15:40:44.241190');
INSERT INTO "django_migrations" VALUES(9,'auth','0005_alter_user_last_login_null','2016-11-29 15:40:44.266783');
INSERT INTO "django_migrations" VALUES(10,'auth','0006_require_contenttypes_0002','2016-11-29 15:40:44.269317');
INSERT INTO "django_migrations" VALUES(11,'auth','0007_alter_validators_add_error_messages','2016-11-29 15:40:44.308893');
INSERT INTO "django_migrations" VALUES(12,'auth','0008_alter_user_username_max_length','2016-11-29 15:40:44.322583');
INSERT INTO "django_migrations" VALUES(13,'sessions','0001_initial','2016-11-29 15:40:44.328923');
INSERT INTO "django_migrations" VALUES(14,'cis','0001_initial','2016-11-29 16:01:04.395573');
INSERT INTO "django_migrations" VALUES(15,'cis','0002_auto_20161202_1223','2016-12-02 11:23:51.302272');
CREATE TABLE "auth_group" ("id" integer NOT NULL PRIMARY KEY AUTOINCREMENT, "name" varchar(80) NOT NULL UNIQUE);
CREATE TABLE "auth_group_permissions" ("id" integer NOT NULL PRIMARY KEY AUTOINCREMENT, "group_id" integer NOT NULL REFERENCES "auth_group" ("id"), "permission_id" integer NOT NULL REFERENCES "auth_permission" ("id"));
CREATE TABLE "auth_user_groups" ("id" integer NOT NULL PRIMARY KEY AUTOINCREMENT, "user_id" integer NOT NULL REFERENCES "auth_user" ("id"), "group_id" integer NOT NULL REFERENCES "auth_group" ("id"));
CREATE TABLE "auth_user_user_permissions" ("id" integer NOT NULL PRIMARY KEY AUTOINCREMENT, "user_id" integer NOT NULL REFERENCES "auth_user" ("id"), "permission_id" integer NOT NULL REFERENCES "auth_permission" ("id"));
CREATE TABLE "django_admin_log" ("id" integer NOT NULL PRIMARY KEY AUTOINCREMENT, "object_id" text NULL, "object_repr" varchar(200) NOT NULL, "action_flag" smallint unsigned NOT NULL, "change_message" text NOT NULL, "content_type_id" integer NULL REFERENCES "django_content_type" ("id"), "user_id" integer NOT NULL REFERENCES "auth_user" ("id"), "action_time" datetime NOT NULL);
INSERT INTO "django_admin_log" VALUES(1,'1','Carlos',2,'[{"changed": {"fields": ["email"]}}]',7,1,'2016-11-29 16:27:10.504123');
INSERT INTO "django_admin_log" VALUES(2,'2','Pepe',3,'',7,1,'2016-12-01 11:41:40.550347');
CREATE TABLE "django_content_type" ("id" integer NOT NULL PRIMARY KEY AUTOINCREMENT, "app_label" varchar(100) NOT NULL, "model" varchar(100) NOT NULL);
INSERT INTO "django_content_type" VALUES(1,'admin','logentry');
INSERT INTO "django_content_type" VALUES(2,'auth','permission');
INSERT INTO "django_content_type" VALUES(3,'auth','group');
INSERT INTO "django_content_type" VALUES(4,'auth','user');
INSERT INTO "django_content_type" VALUES(5,'contenttypes','contenttype');
INSERT INTO "django_content_type" VALUES(6,'sessions','session');
INSERT INTO "django_content_type" VALUES(7,'cis','usuario');
CREATE TABLE "auth_permission" ("id" integer NOT NULL PRIMARY KEY AUTOINCREMENT, "content_type_id" integer NOT NULL REFERENCES "django_content_type" ("id"), "codename" varchar(100) NOT NULL, "name" varchar(255) NOT NULL);
INSERT INTO "auth_permission" VALUES(1,1,'add_logentry','Can add log entry');
INSERT INTO "auth_permission" VALUES(2,1,'change_logentry','Can change log entry');
INSERT INTO "auth_permission" VALUES(3,1,'delete_logentry','Can delete log entry');
INSERT INTO "auth_permission" VALUES(4,2,'add_permission','Can add permission');
INSERT INTO "auth_permission" VALUES(5,2,'change_permission','Can change permission');
INSERT INTO "auth_permission" VALUES(6,2,'delete_permission','Can delete permission');
INSERT INTO "auth_permission" VALUES(7,3,'add_group','Can add group');
INSERT INTO "auth_permission" VALUES(8,3,'change_group','Can change group');
INSERT INTO "auth_permission" VALUES(9,3,'delete_group','Can delete group');
INSERT INTO "auth_permission" VALUES(10,4,'add_user','Can add user');
INSERT INTO "auth_permission" VALUES(11,4,'change_user','Can change user');
INSERT INTO "auth_permission" VALUES(12,4,'delete_user','Can delete user');
INSERT INTO "auth_permission" VALUES(13,5,'add_contenttype','Can add content type');
INSERT INTO "auth_permission" VALUES(14,5,'change_contenttype','Can change content type');
INSERT INTO "auth_permission" VALUES(15,5,'delete_contenttype','Can delete content type');
INSERT INTO "auth_permission" VALUES(16,6,'add_session','Can add session');
INSERT INTO "auth_permission" VALUES(17,6,'change_session','Can change session');
INSERT INTO "auth_permission" VALUES(18,6,'delete_session','Can delete session');
INSERT INTO "auth_permission" VALUES(19,7,'add_usuario','Can add usuario');
INSERT INTO "auth_permission" VALUES(20,7,'change_usuario','Can change usuario');
INSERT INTO "auth_permission" VALUES(21,7,'delete_usuario','Can delete usuario');
CREATE TABLE "auth_user" ("id" integer NOT NULL PRIMARY KEY AUTOINCREMENT, "password" varchar(128) NOT NULL, "last_login" datetime NULL, "is_superuser" bool NOT NULL, "first_name" varchar(30) NOT NULL, "last_name" varchar(30) NOT NULL, "email" varchar(254) NOT NULL, "is_staff" bool NOT NULL, "is_active" bool NOT NULL, "date_joined" datetime NOT NULL, "username" varchar(150) NOT NULL UNIQUE);
INSERT INTO "auth_user" VALUES(1,'pbkdf2_sha256$30000$fD5SWIRqnYTx$CoSy+oI7nlNr9Jl2Q2yPjOXRa92TO1ltp1mds57I7Ac=','2016-12-02 10:35:55.742816',1,'','','aritza@bidetek.es',1,1,'2016-11-29 15:44:56.872470','aritza');
CREATE TABLE "django_session" ("session_key" varchar(40) NOT NULL PRIMARY KEY, "session_data" text NOT NULL, "expire_date" datetime NOT NULL);
INSERT INTO "django_session" VALUES('ty2w9231zvlbzlrf2hf6axg0rtegr4vy','M2FkZmI3YmY1ZDBmNmNmODc0ZDU0ZDE5ZGJmYTE2Yjk1OWZmNzc2ZDp7Il9hdXRoX3VzZXJfaGFzaCI6ImQwMGIwYTVjNzNiOWY4MmM1NDhlMzQ5N2Y2YWIxMmY0MzAxZmE4YWMiLCJfYXV0aF91c2VyX2JhY2tlbmQiOiJkamFuZ28uY29udHJpYi5hdXRoLmJhY2tlbmRzLk1vZGVsQmFja2VuZCIsIl9hdXRoX3VzZXJfaWQiOiIxIn0=','2016-12-13 15:45:29.970701');
INSERT INTO "django_session" VALUES('bd53c9y2m4j9ux568gcas6xi3gcajr7t','OTM5ZDA3NGVkNmQzMGJjYmI2YTBlMzVjM2IyZWE4OTAzY2QyYjJkMDp7Il9hdXRoX3VzZXJfaWQiOiIxIiwiX2F1dGhfdXNlcl9iYWNrZW5kIjoiZGphbmdvLmNvbnRyaWIuYXV0aC5iYWNrZW5kcy5Nb2RlbEJhY2tlbmQiLCJfYXV0aF91c2VyX2hhc2giOiJkMDBiMGE1YzczYjlmODJjNTQ4ZTM0OTdmNmFiMTJmNDMwMWZhOGFjIn0=','2016-12-16 10:35:55.744922');
CREATE TABLE "cis_usuario" ("id" integer NOT NULL PRIMARY KEY AUTOINCREMENT, "nombre" varchar(100) NOT NULL, "apellidos" varchar(100) NULL, "email" varchar(254) NOT NULL, "timestamp" datetime NOT NULL, "modified_at" datetime NOT NULL, "sexo" varchar(1) NOT NULL);
INSERT INTO "cis_usuario" VALUES(3,'pepe','Sanchez','pepe@gmail.com','2016-12-01 11:42:32.810057','2016-12-02 11:26:24.682780','V');
INSERT INTO "cis_usuario" VALUES(4,'Pablo','Rato Largos','pablo@gmail.com','2016-12-01 12:21:59.301083','2016-12-02 11:26:54.411571','V');
INSERT INTO "cis_usuario" VALUES(5,'Tomas','Tortosa Gomez','tomas@gmail.com','2016-12-01 17:39:45.325804','2016-12-02 11:26:36.589065','V');
INSERT INTO "cis_usuario" VALUES(6,'Maria','Ortiz Sanchez','maria@gmail.com','2016-12-01 17:40:50.019401','2016-12-02 11:23:51.292497','M');
INSERT INTO "cis_usuario" VALUES(7,'Sonia','Saez Gomez','sonia@hotmail.com','2016-12-01 17:55:59.717693','2016-12-02 11:23:51.292497','M');
INSERT INTO "cis_usuario" VALUES(8,'Elena','Nito','elena@gmail.com','2016-12-01 22:51:27.821880','2016-12-02 11:23:51.292497','M');
INSERT INTO "cis_usuario" VALUES(9,'Unai','Perez Ramirez','unai@hotmail.com','2016-12-01 22:59:12.263510','2016-12-02 11:26:50.553806','V');
INSERT INTO "cis_usuario" VALUES(10,'Roberto','Gomez Espinosa','rober@hotmail.com','2016-12-01 23:03:21.815038','2016-12-02 11:27:06.555509','V');
DELETE FROM sqlite_sequence;
INSERT INTO "sqlite_sequence" VALUES('django_migrations',15);
INSERT INTO "sqlite_sequence" VALUES('django_admin_log',2);
INSERT INTO "sqlite_sequence" VALUES('django_content_type',7);
INSERT INTO "sqlite_sequence" VALUES('auth_permission',21);
INSERT INTO "sqlite_sequence" VALUES('auth_user',1);
INSERT INTO "sqlite_sequence" VALUES('cis_usuario',10);
CREATE UNIQUE INDEX "auth_group_permissions_group_id_0cd325b0_uniq" ON "auth_group_permissions" ("group_id", "permission_id");
CREATE INDEX "auth_group_permissions_0e939a4f" ON "auth_group_permissions" ("group_id");
CREATE INDEX "auth_group_permissions_8373b171" ON "auth_group_permissions" ("permission_id");
CREATE UNIQUE INDEX "auth_user_groups_user_id_94350c0c_uniq" ON "auth_user_groups" ("user_id", "group_id");
CREATE INDEX "auth_user_groups_e8701ad4" ON "auth_user_groups" ("user_id");
CREATE INDEX "auth_user_groups_0e939a4f" ON "auth_user_groups" ("group_id");
CREATE UNIQUE INDEX "auth_user_user_permissions_user_id_14a6b632_uniq" ON "auth_user_user_permissions" ("user_id", "permission_id");
CREATE INDEX "auth_user_user_permissions_e8701ad4" ON "auth_user_user_permissions" ("user_id");
CREATE INDEX "auth_user_user_permissions_8373b171" ON "auth_user_user_permissions" ("permission_id");
CREATE INDEX "django_admin_log_417f1b1c" ON "django_admin_log" ("content_type_id");
CREATE INDEX "django_admin_log_e8701ad4" ON "django_admin_log" ("user_id");
CREATE UNIQUE INDEX "django_content_type_app_label_76bd3d3b_uniq" ON "django_content_type" ("app_label", "model");
CREATE UNIQUE INDEX "auth_permission_content_type_id_01ab375a_uniq" ON "auth_permission" ("content_type_id", "codename");
CREATE INDEX "auth_permission_417f1b1c" ON "auth_permission" ("content_type_id");
CREATE INDEX "django_session_de54fa62" ON "django_session" ("expire_date");
COMMIT;
